대회명,출처,접수시작일,접수마감일,접수기간 원문,대회시작일,대회종료일,일정안내,주최기관,참가대상,혜택,주제,안내사이트,신청링크,상태,공고원문,상세확인일
[한국데이터산업진흥원]2026 데이터+AI 혁신 챌린지 통합경진대회 개최,데이터사이언스학과 · 공지,2026-09-08,2026-10-22,2026년 9월 8일(화) ~ 10월 22일(목),,,,,데이터·AI 활용에 관심있는 대한민국 국민 누구나(개인 또는 5인 이내 팀),,,,,기한 남음/접수 표시,https://datascience.inha.ac.kr/bbs/datascience/746/191151/artclView.do,2026-09-22T14:40:57.069657+09:00
2026 KoMaP AI 경진대회,캠퍼스픽 · AI/데이터,,,,,,,,,,,,,마감 미확인,https://www.campuspick.com/contest/view?id=36134,
2026년 국가손상통계자료 활용 연구 공모전,캠퍼스픽 · AI/데이터,,,,,,,,,,,,,마감 미확인,https://www.campuspick.com/contest/view?id=36101,
AI 활용 옥외광고 간판 디자인 공모전,캠퍼스픽 · AI/데이터,,,,,,,,,,,,,마감 미확인,https://www.campuspick.com/contest/view?id=36114,
[교수학습개발센터] 학사경고 학생 대상 런!런! 챌린지 프로그램 참여 독려,데이터사이언스학과 · 공지,,,,,,,,,,,,,마감 미확인,https://datascience.inha.ac.kr/bbs/datascience/746/189585/artclView.do,
[디오니] AI 숏 시리즈 콘테스트,캠퍼스픽 · AI/데이터,,,,,,,,,,,,,마감 미확인,https://www.campuspick.com/contest/view?id=36130,
「2026 별별화성 Awards」화성특례시 AI CF 공모전,캠퍼스픽 · AI/데이터,,,,,,,,,,,,,마감 미확인,https://www.campuspick.com/contest/view?id=36195,
공지사항,인공지능융합연구센터,,,,,,,,,,,,,마감 미확인,https://aix.inha.ac.kr/news/notice/?vid=109,
공지사항,인공지능융합연구센터,,,'26. 7. 16( 목 ) 오전 10 시 ~ 8. 17(월 ) - 학습 데이터셋 공개 : '26. 7. 16( 목 ) 오 전 10 시,,,'26. 7. 16( 목 ) 오 전 10 시 ~ 8. 20(목 ) 오후 6 시 - 코드 제출 : '26. 8. 21(금 ) 오후 2 시 - 순위발표 : '26. 9. 3(목 ) 오후 5시 (예정),,,"수령을 위하여 팀원 중 1명은 9월에 재학생 신분 필수 ex) 팀원이 4명인 경우 대회 기간(7/16~8/20)동안은 모두 재학생이어야 하며, 1명만 9월 중 재학생이면 됨 3. 접수처 : 데이콘 홈페이지( https://dacon.io/competitions/official/236736/overview/description ) 4. 일 정",,https://dacon.io/competitions/official/236736/overview/,,마감 미확인,https://aix.inha.ac.kr/news/notice/?vid=107,2026-09-22T14:40:57.069657+09:00
공지사항,인공지능융합연구센터,,,,,,,,,,"“ 맛있는 일상 , AI 로 잇다 (IT 다 )"" 목적 : AI 기술을 접목한 푸드테크 아이디어 발굴 대상 : 만 18 세 이상의 개인 또는 팀 ( 대학생 , 취업준비생 , 직장인 모두 참여 가능 ) 진행 방식 : 1 차 서류 선발 후 , 본선 참가팀은 AI 기반의 서비스 아이디어를 프로토타입 형태로 개발하여 제출",,,마감 미확인,https://aix.inha.ac.kr/news/notice/?vid=106,2026-09-22T14:40:57.069657+09:00
나라장터 자체입찰 공고 법령 위반사항 모니터링 AI 경진대회,DACON,,,,,,,,,,,,,기한 남음/접수 표시,https://dacon.io/competitions/official/236754/overview/,
딥보이스 범죄 대응을 위한 AI 탐지 모델 경진대회,DACON,,,,,,,,,,,,,기한 남음/접수 표시,https://dacon.io/competitions/official/236749/overview/,
블랙박스 영상 기반 지능형 고의사고 분석 모델 AI 경진대회,DACON,,,,,,,,,,,,,기한 남음/접수 표시,https://dacon.io/competitions/official/236753/overview/,
제4회 경남AI·SW경진대회-제조 피지컬 AI Agent 일부 부문 안내,캠퍼스픽 · AI/데이터,,,,,,,,,,,,,마감 미확인,https://www.campuspick.com/contest/view?id=36128,
주제 3: 국립공원 내 시설물 변화 탐지,인공지능팩토리,,,,,,"2026.09.14 10:00 ~ 2026.10.06 14:00 데이터 공개 및 코드 제출 가능 시작 전 상위팀 코드설명서 제출 2026.10.06 15:00 ~ 2026.10.08 14:00 Private 리더보드 상위팀 코드 설명서 작성 및 제출 시작 전 수상자 발표 (모든 / 중에는 Public 점수만 확인할 수 있으며, 최종 순위는 Private 점수를 기준으로 결정됩니다. Public 점수 : 전체 평가 데이터 중 20%로 계산되며, / 중 리더보드에 실시간으로 공개됩니다 Private 점수 : 나머지 80%로 계산되며,","측 또는 제3자에게 발생한 손해에 대해 참가자가 책임을 부담합니다. 제출 관련 결과물 제출은 팀당 1일 3회 로 제한되며, 재제출 제한은 5분 입니다 추론 실패 시 ‘디버그’ 모드를 활용하여 제출환경 에러 등에 대한 피드백을 받을 수 있으며, 이는 팀당 1일 10회 까지 사용 가능합니다. 디버그 모드는 제출물 구성과 입출력 경로 처리, 결과 파일 형식이 맞는지 확인하는 용도이며, 점수는 리더…",14세 이상 대한민국 국민 누구나 개인 및 최대 인원 5인 팀으로 참가 가능 4개,"지급과 함께 학습된 모델(가중치 및 파생 결과물 포함)에 대한 양도양수 계약을 체결합니다. 양도 대상은 모델에 한하며, 학습에 사용한 데이터셋 자체는 양도·재판매 대상에 포함되지 않습니다. 참가자는 외부데이터 및 사전학습 가중치 사용 시 라이선스가 다음을 충족하는지 확인해야 합니다. 상업적 이용·파생물 작성·재배포가 명확히 허용된 개방 데이터 상업 위성 사업자(Maxar, Planet, Ai…",안내 본 페이지는 “2026 국립공원 위성 모니터링 AI 챌린지” 중 주제3에 해당합니다 ➡️ 다른 주제도 보고 싶다면? → 2026 국립공원 위성 모니터링 AI 챌린지 대회 페이지 바로가기 개요 대회명: 2026 국립공원 위성 모니터링 AI 챌린지 / 우리의 국립공원은 지금도 기후변화와 각종 환경 훼손의 영향을 받으며 조금씩 변해가고 있습니다. 넓은 자연을 인력 중심의 순찰만으로 지켜내기에…,,,기한 남음/접수 표시,https://aifactory.space/ko/competitions/9306,2026-09-22T14:40:57.069657+09:00
주제 4: 해안 쓰레기 탐지 및 규모 추정,인공지능팩토리,,,,,,"2026.09.14 10:00 ~ 2026.10.06 14:00 데이터 공개 및 코드 제출 가능 시작 전 상위팀 코드 설명서 제출 2026.10.06 16:00 ~ 2026.10.08 14:00 Private 리더보드 상위팀 코드 설명서 작성 및 제출 시작 전 수상자 발표 (모든 / 중에는 Public 점수만 확인할 수 있으며, 최종 순위는 Private 점수를 기준으로 결정됩니다. Public 점수 : 전체 평가 데이터 중 20%로 계산되며, / 중 리더보드에 실시간으로 공개됩니다 Private 점수 : 나머지 80%로 계산되며,","측 또는 제3자에게 발생한 손해에 대해 참가자가 책임을 부담합니다. 제출 관련 결과물 제출은 팀당 1일 3회 로 제한되며, 재제출 제한은 5분 입니다 추론 실패 시 ‘디버그’ 모드를 활용하여 제출환경 에러 등에 대한 피드백을 받을 수 있으며, 이는 팀당 1일 10회 까지 사용 가능합니다. 디버그 모드는 제출물 구성과 입출력 경로 처리, 결과 파일 형식이 맞는지 확인하는 용도이며, 점수는 리더…",14세 이상 대한민국 국민 누구나 개인 및 최대 인원 5인 팀으로 참가 가능 4개,"지급과 함께 학습된 모델(가중치 및 파생 결과물 포함)에 대한 양도양수 계약을 체결합니다. 양도 대상은 모델에 한하며, 학습에 사용한 데이터셋 자체는 양도·재판매 대상에 포함되지 않습니다. 참가자는 외부데이터 및 사전학습 가중치 사용 시 라이선스가 다음을 충족하는지 확인해야 합니다. 상업적 이용·파생물 작성·재배포가 명확히 허용된 개방 데이터 상업 위성 사업자(Maxar, Planet, Ai…",안내 본 페이지는 “2026 국립공원 위성 모니터링 AI 챌린지” 중 주제4에 해당합니다 ➡️ 다른 주제도 보고 싶다면? → 2026 국립공원 위성 모니터링 AI 챌린지 대회 페이지 바로가기 개요 대회명: 2026 국립공원 위성 모니터링 AI 챌린지 / 우리의 국립공원은 지금도 기후변화와 각종 환경 훼손의 영향을 받으며 조금씩 변해가고 있습니다. 넓은 자연을 인력 중심의 순찰만으로 지켜내기에…,,,기한 남음/접수 표시,https://aifactory.space/ko/competitions/9307,2026-09-22T14:40:57.069657+09:00
청년들이 만드는 첨단 공공서비스 AI 영상 공모전,캠퍼스픽 · AI/데이터,,,,,,,,,,,,,마감 미확인,https://www.campuspick.com/contest/view?id=36180,
[지역협력센터]「2026년 인천시 청년정책 공모전」 안내,데이터사이언스학과 · 대회,2026-06-01,2026-06-30,2026. 6. 1.( 월 ) ~ 6. 30.( 화 ) 22 시까지,,,,,18 세 ~39 세 청년으로 인천에 거주하거나 인천 소재 대학 · 직장 · 청년단체에 소속되어 활동하는 사람 (,대상 (1 팀 ) : 인천광역시장상 / 400 만원 최우수상 (1 팀 ) : 인천광역시의회 의장상 / 200 만원 우수상 (1 팀 ) : 인천시 청년정책상 / 100 만원 장려상 (5 팀 ) / 각 20 만원,,,,마감/종료,https://datascience.inha.ac.kr/bbs/datascience/2885/183896/artclView.do,2026-09-22T14:40:57.069657+09:00
